{"schemaVersion":"1.0","appDefinitionTemplate":{"id":"/providers/Microsoft.PowerApps/apps/","type":"Microsoft.PowerApps/apps","tags":{"primaryDeviceWidth":"1366","primaryDeviceHeight":"768","sienaVersion":"20220219T071201Z-3.22021.27.0","deviceCapabilities":"","supportsPortrait":"true","supportsLandscape":"true","primaryFormFactor":"Tablet","publisherVersion":"3.22021.27","minimumRequiredApiVersion":"2.2.0","hasComponent":"false","hasUnlockedComponent":"false","isUnifiedRootApp":"false"},"properties":{"appVersion":"2022-02-19T07:12:01Z","lifeCycleId":"Published","createdByClientVersion":{"major":3,"minor":22021,"build":27,"revision":0,"majorRevision":0,"minorRevision":0},"minClientVersion":{"major":3,"minor":22021,"build":27,"revision":0,"majorRevision":0,"minorRevision":0},"backgroundColor":"RGBA(0,176,240,1)","backgroundImageUri":"/5090316249481890282/Na505ca20-9b57-4df9-9041-9445d1fcb67c-logoSmallFile","displayName":"Power Apps オンライン勉強会 ～つまづきポイント対策会～","description":"","commitMessage":"","appUris":{"documentUri":{"value":"/5090316249481890282/N850790d6-4159-4d47-9cc2-570974bfcf51-document.msapp"},"imageUris":[]},"createdTime":"0001-01-01T00:00:00Z","lastModifiedTime":"0001-01-01T00:00:00Z","sharedGroupsCount":0,"sharedUsersCount":0,"icons":{"smallIconUri":"/5090316249481890282/N1def4d9c-84d0-4e64-bfa2-be2d9b7aa04c-small.png","mediumIconUri":"/5090316249481890282/N98e5532c-a976-4b2c-98f7-ba7eb3342ef4-medium.png","largeIconUri":"/5090316249481890282/N805f7022-eb7f-4d47-a150-175284474aa4-large.png","wideIconUri":"/5090316249481890282/Ne0cc9cb6-8ca9-4721-8ee7-5af72861f506-wide.png"},"connectionReferences":{"1efedc3d-30c2-4202-a165-e5d542fc7e1f":{"id":"a699b37e-1184-4db6-a540-75742c991a98","displayName":"SharePoint","iconUri":"https://connectoricons-prod.azureedge.net/releases/v1.0.1550/1.0.1550.2686/sharepointonline/icon.png","dataSources":["SPExpenseList"],"dependencies":[],"dependents":[],"parameterHints":{},"parameterHintsV2":{},"isOnPremiseConnection":false,"bypassConsent":false,"dataSets":{"https://geekfujiwara.sharepoint.com/sites/batabase":{"dataSources":{"SPExpenseList":{"tableName":"ae2accb8-cfb3-4856-9b67-be69afa44b5b"}}}},"apiTier":"Standard","isCustomApiConnection":false,"actions":["providers/PowerPlatform.Governance/Operations/Read"]},"eccc543e-8a43-4914-9e2c-f78d69cdd6eb":{"id":"46380141-60d1-4652-8bab-b5714aee6a25","displayName":"Office 365 ユーザー","iconUri":"https://connectoricons-prod.azureedge.net/releases/v1.0.1551/1.0.1551.2693/office365users/icon.png","dataSources":["Office365ユーザー"],"dependencies":[],"dependents":[],"parameterHints":{},"parameterHintsV2":{},"isOnPremiseConnection":false,"bypassConsent":false,"dataSets":{},"apiTier":"Standard","isCustomApiConnection":false,"actions":["SearchUser"]}},"databaseReferences":{},"almMode":"Environment","performanceOptimizationEnabled":true,"canConsumeAppPass":true,"executionRestrictions":{"isTeamsOnly":false,"dataLossPreventionEvaluationResult":{"status":"Compliant","lastEvaluationDate":"2022-02-11T13:48:30.4591596Z","violations":[],"violationsByPolicy":[],"violationErrorMessage":"このアプリでは、次のコネクタが使用されます: 。"}}},"appType":"ClassicCanvasApp","appComponents":[]}}